{
    "intrinsic": {
        "width": 1280,
        "height": 720,
        "fov": 90.0,
        "K": [
            [
                640.0000000000001,
                0,
                640.0
            ],
            [
                0,
                640.0000000000001,
                360.0
            ],
            [
                0,
                0,
                1
            ]
        ]
    },
    "extrinsic": {
        "location": {
            "x": -54.20000076293945,
            "y": 20.399999618530273,
            "z": 6.599999904632568
        },
        "rotation": {
            "pitch": -35.0,
            "yaw": 90.0,
            "roll": 0.0
        },
        "T": [
            [
                -3.5806273501748365e-08,
                -1.0,
                -2.5071823728239906e-08,
                -54.19999694824219
            ],
            [
                0.8191520571708679,
                -4.371138828673793e-08,
                0.5735764503479004,
                20.399999618530273
            ],
            [
                -0.5735764503479004,
                -5.5511147922535377e-17,
                0.8191520571708679,
                6.599999904632568
            ],
            [
                0.0,
                0.0,
                0.0,
                1.0
            ]
        ]
    }
}