{
    "intrinsic": {
        "width": 1280,
        "height": 720,
        "fov": 90.0,
        "K": [
            [
                640.0000000000001,
                0,
                640.0
            ],
            [
                0,
                640.0000000000001,
                360.0
            ],
            [
                0,
                0,
                1
            ]
        ]
    },
    "extrinsic": {
        "location": {
            "x": -52.0,
            "y": 20.200000762939453,
            "z": 6.599999904632568
        },
        "rotation": {
            "pitch": -35.0,
            "yaw": 0.0,
            "roll": 0.0
        },
        "T": [
            [
                0.8191520571708679,
                0.0,
                0.5735764503479004,
                -52.0
            ],
            [
                0.0,
                1.0,
                0.0,
                20.200000762939453
            ],
            [
                -0.5735764503479004,
                0.0,
                0.8191520571708679,
                6.599999904632568
            ],
            [
                0.0,
                0.0,
                0.0,
                1.0
            ]
        ]
    }
}