{
    "intrinsic": {
        "width": 1280,
        "height": 720,
        "fov": 90.0,
        "K": [
            [
                640.0000000000001,
                0,
                640.0
            ],
            [
                0,
                640.0000000000001,
                360.0
            ],
            [
                0,
                0,
                1
            ]
        ]
    },
    "extrinsic": {
        "location": {
            "x": -31.799999237060547,
            "y": 25.5,
            "z": 6.599999904632568
        },
        "rotation": {
            "pitch": -35.0,
            "yaw": 180.0,
            "roll": 0.0
        },
        "T": [
            [
                -0.8191520571708679,
                8.742277657347586e-08,
                -0.5735764503479004,
                -31.799999237060547
            ],
            [
                -7.161254700349673e-08,
                -1.0,
                -5.014364745647981e-08,
                25.5
            ],
            [
                -0.5735764503479004,
                0.0,
                0.8191520571708679,
                6.599999904632568
            ],
            [
                0.0,
                0.0,
                0.0,
                1.0
            ]
        ]
    }
}